n_layers,n_nodes,activation,epochs,grid_size,learning_rate
7,11,1,47076,46,0.031431664511396146
7,100,4,50922,27,0.012204143250761393
8,80,4,72409,176,0.0016587443023398814
8,36,3,88721,103,0.07995113867905512
9,53,4,44901,102,0.0005500251881296735
3,24,0,81977,169,0.00749798006005151
2,90,0,63730,10,0.009080681295772969
5,86,0,14031,27,0.011990492582200465
8,88,2,75630,178,0.012674910555136462
9,84,2,66229,195,0.004533450716383177
